Measurement #, Current (mA), Power (mW), Bus voltage (mV), Shunt voltage (mV) 
0, 3300, 284, 4880, 0
1, 3700, 295, 4884, 0
2, 3000, 295, 4880, 0
3, 3300, 285, 4880, 0
4, 3300, 288, 4880, 0
5, 3300, 280, 4880, 0
6, 7000, 293, 4876, 0
7, 4000, 288, 4880, 0
8, 3300, 279, 4876, 0
9, 11900, 295, 4876, 0
10, 3200, 528, 4876, 0
11, 3400, 288, 4848, 0
12, 3800, 280, 4880, 0
13, 3700, 280, 4880, 0
14, 15900, 280, 4880, 0
15, 3300, 297, 4880, 0
16, 3700, 288, 4844, 0
17, 3900, 285, 4876, 0
18, 3600, 285, 4880, 0
19, 11500, 266, 4880, 0
20, 3600, 280, 4880, 0
21, 3400, 290, 4852, 0
22, 3900, 284, 4880, 1
23, 3600, 275, 4880, 0
24, 3500, 293, 4880, 0
25, 3500, 285, 4880, 0
26, 3700, 284, 4872, 0
27, 3700, 290, 4880, 1
28, 2500, 284, 4876, 0
29, 3300, 241, 4880, 0
30, 3400, 280, 4876, 0
31, 3500, 293, 4880, 0
32, 3700, 290, 4876, 0
33, 3600, 284, 4880, 0
34, 3500, 226, 4880, 0
35, 3500, 300, 4876, 0
36, 3600, 280, 4896, 0
37, 3300, 279, 4880, 0
38, 3600, 288, 4876, 0
39, 3400, 285, 4880, 0
40, 3700, 293, 4880, 0
41, 3300, 298, 4884, 0
42, 3400, 284, 4880, 0
43, 3400, 285, 4876, 0
44, 14800, 285, 4880, 0
45, 3300, 518, 4880, 0
46, 3200, 288, 4856, 0
47, 3400, 285, 4880, 0
48, 3400, 279, 4876, 0
49, 15600, 279, 4880, 0
50, 3100, 534, 4876, 0
51, 3000, 279, 4880, 0
52, 3100, 290, 4884, 0
53, 3600, 288, 4880, 1
54, 16200, 279, 4880, 0
55, 3300, 302, 4880, 0
56, 3900, 290, 4880, 0
57, 3800, 285, 4872, 0
58, 3600, 285, 4880, 1
59, 2700, 284, 4876, 0
60, 3700, 288, 4876, 0
61, 3400, 290, 4888, 0
62, 3500, 288, 4880, 0
63, 3500, 290, 4876, 1
64, 2500, 280, 4880, 0
65, 3400, 285, 4876, 0
66, 3400, 285, 4880, 0
67, 3600, 284, 4880, 0
68, 3600, 288, 4880, 0
69, 3700, 290, 4880, 0
70, 3400, 272, 4880, 0
71, 3300, 275, 4880, 0
72, 3300, 284, 4880, 0
73, 3500, 285, 4880, 0
74, 1000, 284, 4880, 0
75, 3900, 285, 4880, 0
76, 3300, 288, 4880, 0
77, 3400, 288, 4880, 0
78, 2800, 290, 4880, 0
79, 3500, 239, 4880, 0
80, 3700, 284, 4876, 0
81, 3400, 275, 4888, 0
82, 3000, 275, 4880, 0
83, 3800, 285, 4880, 0
84, 3700, 284, 4880, 0
85, 3700, 298, 4880, 0
86, 3600, 285, 4864, 0
87, 3800, 290, 4880, 0
88, 3700, 288, 4880, 0
89, 12000, 275, 4876, 0
90, 3200, 596, 4880, 0
91, 3200, 280, 4880, 0
92, 3600, 285, 4880, 0
93, 3500, 288, 4880, 0
94, 3600, 288, 4880, 0
95, 3400, 284, 4864, 0
96, 3400, 290, 4880, 0
97, 3300, 285, 4880, 0
98, 12300, 288, 4872, 0
99, 3600, 490, 4880, 0
100, 3300, 284, 4848, 0
101, 3900, 298, 4880, 0
102, 3100, 284, 4880, 0
103, 16000, 274, 4880, 0
104, 3600, 424, 4876, 0
105, 3400, 279, 4880, 0
106, 3500, 279, 4880, 0
107, 3400, 288, 4880, 1
108, 12700, 284, 4876, 0
109, 3400, 287, 4880, 0
110, 3200, 280, 4880, 0
111, 3700, 285, 4876, 0
112, 3400, 293, 4876, 1
113, 3300, 285, 4880, 0
114, 3300, 284, 4876, 0
115, 3300, 279, 4888, 0
116, 3700, 290, 4880, 0
117, 3900, 290, 4880, 1
118, 2300, 285, 4880, 0
119, 3900, 298, 4880, 0
120, 3400, 282, 4880, 0
121, 3700, 279, 4880, 0
122, 3500, 274, 4876, 0
123, 3500, 280, 4876, 0
124, 3700, 295, 4880, 0
125, 3500, 284, 4880, 0
126, 3100, 288, 4876, 0
127, 3200, 285, 4880, 0
128, 3700, 285, 4876, 0
129, 3700, 290, 4876, 0
130, 3500, 293, 4880, 0
131, 3700, 280, 4864, 0
132, 3400, 280, 4880, 0
133, 3600, 275, 4876, 0
134, 14400, 280, 4880, 0
135, 3000, 577, 4876, 0
136, 3600, 293, 4880, 0
137, 3500, 295, 4880, 0
138, 3600, 280, 4876, 0
139, 13200, 285, 4876, 0
140, 3700, 454, 4880, 0
141, 3700, 280, 4876, 0
142, 3400, 284, 4848, 0
143, 3800, 288, 4880, 1
144, 13400, 284, 4880, 0
145, 4000, 293, 4880, 0
146, 3900, 290, 4880, 0
147, 3600, 284, 4868, 0
148, 3700, 295, 4880, 1
149, 3900, 280, 4876, 0
150, 3800, 280, 4876, 0
151, 3500, 285, 4876, 0
152, 3200, 293, 4876, 0
153, 3600, 280, 4880, 1
154, 3300, 275, 4872, 0
155, 3400, 239, 4880, 0
156, 3100, 284, 4880, 0
157, 3700, 290, 4876, 0
158, 3200, 290, 4876, 0
159, 3100, 284, 4880, 0
160, 3600, 279, 4876, 0
161, 3400, 290, 4880, 0
162, 3300, 285, 4888, 0
163, 3500, 288, 4880, 0
164, 3400, 274, 4876, 0
165, 3500, 285, 4876, 0
166, 3700, 587, 4876, 0
167, 3600, 288, 4884, 0
168, 4300, 295, 4880, 0
169, 3200, 280, 4876, 0
170, 11700, 293, 4880, 0
171, 3500, 570, 4880, 0
172, 3400, 284, 4880, 0
173, 3400, 290, 4876, 0
174, 3500, 280, 4880, 0
175, 15700, 275, 4880, 0
176, 3700, 587, 4880, 0
177, 3600, 280, 4876, 0
178, 3600, 290, 4840, 0
179, 3400, 284, 4880, 1
180, 13000, 279, 4880, 0
181, 3400, 288, 4876, 0
182, 3400, 288, 4876, 0
183, 3600, 280, 4860, 0
184, 3500, 295, 4876, 1
185, 3600, 290, 4880, 0
186, 3500, 241, 4876, 0
187, 3300, 287, 4876, 0
188, 3300, 275, 4880, 0
189, 3400, 285, 4880, 1
190, 2700, 285, 4880, 0
191, 3200, 274, 4880, 0
192, 3800, 275, 4880, 0
193, 3500, 284, 4880, 0
194, 3200, 290, 4884, 0
195, 2300, 284, 4880, 0
196, 3700, 274, 4880, 0
197, 3700, 285, 4880, 0
198, 3600, 288, 4896, 0
199, 3800, 280, 4880, 0
200, 3800, 293, 4880, 0
201, 3200, 284, 4880, 0
202, 3700, 505, 4884, 0
203, 3600, 279, 4880, 0
204, 3400, 279, 4876, 0
205, 3600, 288, 4884, 0
206, 5400, 288, 4880, 0
207, 3600, 505, 4880, 0
208, 3200, 279, 4880, 0
209, 3100, 290, 4880, 0
210, 3400, 288, 4880, 0
211, 14500, 285, 4876, 0
212, 16400, 288, 4884, 0
213, 3400, 331, 4880, 0
214, 3400, 288, 4884, 0
215, 3900, 285, 4880, 0
216, 3700, 284, 4880, 0
217, 13300, 274, 4876, 0
218, 3600, 244, 4880, 0
219, 3600, 292, 4880, 0
220, 3200, 290, 4880, 0
221, 3600, 285, 4876, 0
222, 2100, 280, 4880, 0
223, 3700, 234, 4880, 0
224, 3400, 280, 4884, 0
225, 3600, 279, 4880, 0
226, 3800, 285, 4876, 0
227, 3600, 280, 4880, 0
228, 3500, 284, 4880, 0
229, 3800, 288, 4880, 0
230, 3200, 288, 4892, 0
231, 3500, 293, 4880, 0
232, 3900, 293, 4880, 0
233, 4200, 285, 4876, 0
234, 3500, 582, 4876, 0
235, 3800, 290, 4884, 0
236, 3900, 280, 4880, 0
237, 3500, 295, 4880, 0
238, 9800, 285, 4880, 0
239, 3300, 488, 4880, 0
240, 3400, 280, 4876, 0
241, 3600, 293, 4840, 0
242, 3500, 275, 4880, 0
243, 15100, 288, 4880, 0
244, 3200, 279, 4876, 0
245, 3800, 290, 4880, 0
246, 3600, 275, 4848, 0
247, 3100, 280, 4884, 0
248, 3100, 290, 4880, 0
249, 3600, 280, 4876, 0
250, 3700, 285, 4880, 0
251, 3200, 280, 4852, 0
252, 3400, 290, 4876, 1
253, 3700, 280, 4880, 0
254, 6800, 288, 4880, 0
255, 3200, 282, 4876, 0
256, 3800, 279, 4880, 0
257, 3500, 284, 4880, 0
258, 3200, 275, 4876, 0
259, 3300, 290, 4880, 0
260, 3400, 292, 4880, 0
261, 3500, 275, 4888, 0
262, 3400, 284, 4880, 0
263, 3400, 290, 4880, 0
264, 3300, 284, 4876, 0
265, 3600, 300, 4876, 0
266, 3500, 280, 4896, 0
267, 3500, 279, 4876, 0
268, 3200, 288, 4880, 0
269, 3900, 288, 4880, 0
270, 3500, 405, 4880, 0
271, 3500, 284, 4880, 0
272, 3400, 275, 4880, 0
273, 3300, 300, 4876, 0
274, 1200, 290, 4880, 0
275, 3500, 542, 4876, 0
276, 3800, 284, 4876, 0
277, 3600, 288, 4856, 0
278, 3900, 285, 4880, 0
279, 6200, 284, 4880, 0
280, 3300, 284, 4876, 0
281, 3300, 295, 4880, 0
282, 3400, 290, 4840, 0
283, 3200, 288, 4880, 0
284, 3500, 284, 4876, 0
285, 3000, 290, 4880, 0
286, 3700, 395, 4880, 0
287, 3500, 293, 4848, 0
288, 3700, 288, 4880, 0
289, 3300, 290, 4876, 0
290, 16500, 280, 4880, 0
291, 3500, 277, 4880, 0
292, 3300, 295, 4876, 0
293, 3800, 290, 4876, 0
294, 3900, 279, 4880, 0
295, 12100, 290, 4880, 0
296, 3200, 282, 4880, 0
297, 3800, 275, 4880, 0
298, 3400, 285, 4876, 0
299, 3700, 284, 4880, 1
300, 2100, 280, 4880, 0
301, 3600, 284, 4880, 0
302, 3900, 288, 4892, 0
303, 3000, 293, 4876, 0
304, 3200, 284, 4880, 1
305, 3800, 298, 4880, 0
306, 3700, 261, 4876, 0
307, 3400, 295, 4880, 0
308, 4000, 290, 4876, 0
309, 3400, 279, 4876, 0
310, 3900, 285, 4880, 0
311, 3300, 251, 4880, 0
312, 3500, 290, 4884, 0
313, 3300, 284, 4892, 0
314, 3300, 295, 4880, 0
315, 3500, 274, 4876, 0
316, 3400, 280, 4880, 0
317, 3400, 280, 4876, 0
318, 3600, 288, 4872, 0
319, 3300, 279, 4876, 0
320, 3600, 295, 4880, 0
321, 16100, 279, 4880, 0
322, 3500, 285, 4876, 0
323, 3700, 284, 4884, 0
324, 3800, 288, 4844, 0
325, 3200, 290, 4876, 0
326, 3700, 288, 4876, 0
327, 14900, 270, 4880, 0
328, 3200, 292, 4880, 0
329, 3900, 290, 4844, 0
330, 3300, 295, 4876, 0
331, 3100, 280, 4880, 0
332, 7400, 288, 4876, 0
333, 3600, 280, 4880, 0
334, 3400, 288, 4880, 0
335, 3600, 285, 4880, 0
336, 3600, 280, 4880, 1
337, 3400, 284, 4880, 0
338, 3800, 290, 4880, 0
339, 3600, 288, 4888, 0
340, 3500, 290, 4880, 0
341, 3800, 285, 4876, 0
342, 1600, 284, 4880, 0
343, 4200, 234, 4880, 0
344, 3400, 288, 4880, 0
345, 3600, 290, 4880, 0
346, 3600, 279, 4876, 0
347, 2300, 275, 4880, 0
348, 3800, 300, 4880, 0
349, 3700, 290, 4880, 0
350, 3700, 290, 4872, 0
351, 3600, 295, 4876, 0
352, 1000, 285, 4880, 0
353, 3500, 290, 4880, 0
354, 3400, 290, 4880, 0
355, 3500, 290, 4860, 0
356, 3800, 284, 4880, 0
357, 3600, 293, 4880, 0
358, 3200, 275, 4880, 0
359, 3200, 606, 4876, 0
360, 3200, 284, 4844, 0
361, 3100, 284, 4880, 0
362, 3100, 288, 4880, 0
363, 15800, 280, 4880, 0
364, 3700, 477, 4876, 0
365, 3600, 295, 4880, 0
366, 4100, 280, 4876, 0
367, 3200, 290, 4876, 0
368, 15900, 280, 4876, 0
369, 3700, 361, 4884, 0
370, 3600, 295, 4876, 0
371, 3300, 288, 4860, 0
372, 3900, 293, 4880, 1
373, 12200, 274, 4880, 0
374, 3300, 285, 4880, 0
375, 3700, 290, 4884, 0
376, 3200, 280, 4880, 0
377, 3800, 284, 4880, 1
378, 3600, 290, 4876, 0
379, 3500, 236, 4880, 0
380, 3200, 282, 4880, 0
381, 3300, 285, 4876, 0
382, 3700, 295, 4876, 0
383, 2300, 280, 4880, 0
384, 3500, 288, 4880, 0
385, 3000, 287, 4876, 0
386, 3900, 285, 4880, 0
387, 3300, 285, 4884, 0
388, 3600, 280, 4880, 0
389, 3100, 280, 4876, 0
390, 3800, 284, 4880, 0
391, 3600, 288, 4896, 0
392, 3600, 288, 4880, 0
393, 3600, 285, 4880, 0
394, 1500, 274, 4880, 0
395, 3800, 572, 4876, 0
396, 3800, 288, 4900, 0
397, 3100, 284, 4876, 0
398, 3100, 284, 4880, 0
399, 5900, 293, 4876, 0
400, 3300, 578, 4876, 0
401, 3100, 284, 4880, 0
402, 3700, 293, 4852, 0
403, 3500, 293, 4880, 0
404, 9200, 295, 4880, 0
405, 3400, 285, 4880, 0
406, 3400, 293, 4880, 0
407, 3700, 280, 4848, 0
408, 3400, 285, 4880, 0
409, 3400, 285, 4880, 0
410, 3700, 284, 4880, 0
411, 3900, 282, 4880, 0
412, 3400, 293, 4840, 0
413, 3900, 293, 4880, 0
414, 3600, 275, 4880, 0
415, 15200, 270, 4880, 0
416, 3800, 275, 4880, 0
417, 3500, 285, 4880, 0
418, 3200, 285, 4880, 0
419, 3700, 293, 4880, 0
420, 7800, 290, 4880, 0
421, 3300, 280, 4880, 0
422, 3600, 284, 4880, 0
423, 3200, 288, 4880, 0
424, 3900, 290, 4884, 1
425, 4300, 280, 4880, 0
426, 3400, 221, 4880, 0
427, 3500, 295, 4876, 0
428, 3400, 285, 4880, 0
429, 3600, 288, 4876, 1
430, 3400, 293, 4880, 0
431, 3300, 225, 4876, 0
432, 3300, 295, 4876, 0
433, 3100, 293, 4880, 0
434, 3600, 298, 4880, 0
435, 3200, 290, 4880, 0
436, 3700, 249, 4880, 0
437, 3400, 280, 4880, 0
438, 3500, 285, 4884, 0
439, 3700, 284, 4876, 0
440, 3600, 280, 4876, 0
441, 3400, 288, 4880, 0
442, 3400, 288, 4880, 0
443, 3400, 293, 4884, 0
444, 3500, 298, 4880, 0
445, 3500, 293, 4876, 0
446, 10100, 279, 4880, 0
447, 3300, 515, 4880, 0
448, 3800, 290, 4860, 0
449, 4000, 275, 4876, 0
450, 3500, 274, 4880, 0
451, 15400, 279, 4876, 0
452, 3600, 595, 4876, 0
453, 3900, 290, 4880, 0
454, 3000, 275, 4880, 0
455, 4100, 293, 4880, 0
456, 15600, 275, 4880, 0
457, 3700, 488, 4880, 0
458, 3400, 280, 4880, 0
459, 3400, 284, 4836, 0
460, 3400, 284, 4880, 1
461, 3100, 288, 4880, 0
462, 3400, 290, 4880, 0
463, 3100, 290, 4880, 0
464, 3600, 284, 4852, 0
465, 3200, 288, 4876, 1
466, 2900, 293, 4880, 0
467, 6000, 259, 4880, 0
468, 3200, 285, 4876, 0
469, 3500, 284, 4868, 0
470, 3700, 284, 4880, 0
471, 3300, 284, 4876, 0
472, 3700, 290, 4880, 0
473, 3400, 282, 4880, 0
474, 3500, 284, 4888, 0
475, 3500, 290, 4880, 0
476, 3200, 290, 4876, 0
477, 3700, 284, 4880, 0
478, 3500, 282, 4880, 0
479, 3600, 280, 4880, 0
480, 3100, 280, 4876, 0
481, 3600, 300, 4880, 0
482, 1600, 284, 4880, 0
483, 3300, 336, 4876, 0
484, 3300, 284, 4880, 0
485, 3600, 293, 4880, 0
486, 3600, 288, 4880, 0
487, 2700, 275, 4880, 0
488, 3800, 429, 4876, 0
489, 3500, 293, 4880, 0
490, 3900, 290, 4868, 0
491, 3500, 288, 4876, 0
492, 3600, 284, 4876, 0
493, 3700, 505, 4880, 0
494, 3200, 288, 4880, 0
495, 3700, 280, 4852, 0
496, 3200, 285, 4876, 0
497, 3300, 288, 4876, 0
498, 3300, 284, 4880, 0
499, 3600, 288, 4880, 0
500, 3900, 288, 4844, 0
501, 3300, 279, 4880, 0
502, 3500, 293, 4876, 0
503, 12500, 293, 4880, 0
504, 3600, 529, 4880, 0
505, 3400, 288, 4876, 0
506, 3500, 266, 4876, 0
507, 3400, 284, 4876, 0
508, 15200, 280, 4876, 0
509, 3700, 377, 4876, 0
510, 3500, 284, 4880, 0
511, 3300, 298, 4856, 0
512, 3900, 280, 4880, 1
513, 16000, 285, 4876, 0
514, 3700, 274, 4876, 0
515, 3300, 290, 4880, 0
516, 3600, 288, 4872, 0
517, 3300, 295, 4876, 1
518, 3600, 288, 4880, 0
519, 3500, 251, 4880, 0
520, 3600, 282, 4880, 0
521, 3200, 293, 4880, 0
522, 3500, 284, 4880, 1
523, 2600, 284, 4880, 0
524, 3600, 254, 4876, 0
525, 3200, 282, 4876, 0
526, 3400, 275, 4876, 0
527, 3400, 290, 4880, 0
528, 3800, 280, 4876, 0
529, 3500, 279, 4884, 0
530, 3500, 287, 4880, 0
531, 3300, 285, 4892, 0
532, 3600, 288, 4880, 0
533, 3400, 285, 4880, 0
534, 1000, 288, 4876, 0
535, 3500, 479, 4880, 0
536, 3600, 298, 4896, 0
537, 3700, 290, 4876, 0
538, 3500, 279, 4880, 0
539, 1400, 290, 4880, 0
540, 3400, 572, 4876, 0
541, 3500, 284, 4876, 0
542, 3200, 279, 4880, 0
543, 3600, 288, 4880, 0
544, 4600, 259, 4880, 0
545, 3800, 498, 4880, 0
546, 3200, 280, 4880, 0
547, 3800, 284, 4844, 0
548, 3400, 285, 4880, 0
549, 3400, 288, 4876, 0
550, 3300, 284, 4880, 0
551, 3600, 285, 4880, 0
552, 3200, 288, 4840, 0
553, 3200, 295, 4876, 0
554, 3800, 279, 4880, 0
555, 12000, 305, 4880, 0
556, 3200, 390, 4876, 0
557, 3200, 293, 4876, 0
558, 3800, 293, 4880, 0
559, 3600, 288, 4876, 0
560, 13400, 279, 4880, 0
561, 3100, 277, 4880, 0
562, 3700, 284, 4876, 0
563, 3600, 288, 4876, 0
564, 3600, 293, 4880, 1
565, 11400, 284, 4880, 0
566, 3700, 274, 4880, 0
567, 3500, 293, 4880, 0
568, 3800, 288, 4880, 0
569, 3800, 280, 4880, 1
570, 3000, 285, 4880, 0
571, 3400, 241, 4880, 0
572, 3400, 282, 4880, 0
573, 3500, 295, 4880, 0
574, 3700, 280, 4880, 1
575, 2200, 284, 4876, 0
576, 3300, 266, 4880, 0
577, 3400, 295, 4880, 0
578, 3400, 290, 4900, 0
579, 3200, 279, 4876, 0
580, 1600, 290, 4880, 0
581, 3700, 288, 4880, 0
582, 4000, 295, 4884, 0
583, 4200, 280, 4876, 0
584, 3500, 293, 4880, 0
585, 3600, 284, 4880, 0
586, 1200, 284, 4880, 0
587, 3400, 500, 4880, 0
588, 3700, 288, 4880, 0
589, 3300, 274, 4876, 0
590, 3400, 290, 4880, 0
591, 4600, 290, 4876, 0
592, 3800, 498, 4880, 0
593, 3400, 280, 4876, 0
594, 3400, 290, 4880, 0
595, 3300, 288, 4880, 0
596, 8600, 284, 4876, 0
597, 3400, 515, 4880, 0
598, 4000, 290, 4880, 0
599, 3800, 293, 4852, 0
600, 3500, 288, 4880, 0
601, 3200, 279, 4880, 0
602, 3300, 284, 4880, 0
603, 3700, 280, 4880, 0
604, 3200, 293, 4840, 0
605, 3300, 293, 4876, 0
606, 3600, 285, 4880, 0
607, 16000, 285, 4876, 0
608, 3800, 325, 4876, 0
609, 3600, 288, 4844, 0
610, 3600, 295, 4880, 0
611, 3800, 280, 4880, 0
612, 13900, 284, 4880, 0
613, 3400, 297, 4876, 0
614, 3100, 284, 4880, 0
615, 3500, 295, 4876, 0
616, 3400, 298, 4880, 1
617, 13100, 295, 4880, 0
618, 3800, 293, 4880, 0
619, 3500, 288, 4880, 0
620, 3500, 290, 4876, 0
621, 3400, 284, 4880, 1
622, 2400, 290, 4880, 0
623, 3300, 285, 4876, 0
624, 3600, 292, 4880, 0
625, 3100, 284, 4876, 0
626, 3800, 279, 4880, 1
627, 2000, 293, 4880, 0
628, 3700, 290, 4880, 0
629, 3400, 284, 4876, 0
630, 3400, 290, 4876, 0
631, 3500, 285, 4876, 0
632, 3300, 290, 4880, 0
633, 3300, 284, 4880, 0
634, 3600, 284, 4880, 0
635, 3400, 290, 4888, 0
636, 2900, 288, 4876, 0
637, 3500, 288, 4880, 0
638, 3300, 290, 4880, 0
639, 3300, 508, 4880, 0
640, 3800, 290, 4896, 0
641, 3600, 293, 4880, 0
642, 3500, 298, 4880, 0
643, 3000, 284, 4876, 0
644, 3400, 578, 4880, 0
645, 3400, 285, 4880, 0
646, 3800, 290, 4880, 0
647, 3500, 285, 4880, 0
648, 8300, 285, 4880, 0
649, 3700, 601, 4880, 0
650, 3500, 285, 4880, 0
651, 3600, 284, 4844, 0
652, 3100, 288, 4880, 0
653, 12300, 280, 4876, 0
654, 4000, 288, 4880, 0
655, 3500, 285, 4876, 0
656, 3400, 280, 4840, 0
657, 3400, 285, 4880, 0
658, 3100, 288, 4884, 0
659, 12500, 285, 4880, 0
660, 3500, 292, 4880, 0
661, 3700, 285, 4840, 0
662, 3800, 290, 4880, 0
663, 3500, 279, 4876, 0
664, 16100, 274, 4884, 0
665, 3500, 280, 4876, 0
666, 3200, 287, 4880, 0
667, 3600, 288, 4876, 0
668, 3200, 285, 4876, 0
669, 3500, 284, 4880, 0
670, 3900, 280, 4876, 0
671, 3800, 287, 4876, 0
672, 3600, 280, 4880, 0
673, 3700, 285, 4880, 0
674, 3500, 280, 4880, 0
675, 3500, 284, 4880, 0
676, 3400, 280, 4880, 0
677, 3300, 284, 4896, 0
678, 3300, 295, 4876, 0
679, 3300, 280, 4880, 0
680, 3200, 288, 4880, 0
681, 3400, 410, 4880, 0
682, 3700, 284, 4884, 0
683, 3300, 295, 4880, 0
684, 3200, 279, 4880, 0
685, 1200, 284, 4876, 0
686, 3600, 495, 4880, 0
687, 3700, 293, 4884, 0
688, 3500, 293, 4880, 0
689, 3300, 285, 4880, 0
690, 1400, 280, 4880, 0
691, 3400, 570, 4880, 0
692, 3900, 285, 4876, 0
693, 3100, 288, 4852, 0
694, 3600, 285, 4880, 0
695, 3700, 290, 4880, 0
696, 3600, 288, 4884, 0
697, 3300, 275, 4884, 0
698, 3600, 293, 4852, 0
699, 3200, 293, 4876, 0
700, 3300, 279, 4880, 0
701, 16300, 279, 4876, 0
702, 3300, 266, 4880, 0
703, 3600, 290, 4876, 0
704, 3900, 280, 4844, 0
705, 3500, 293, 4880, 1
706, 3500, 284, 4880, 0
707, 8200, 261, 4880, 0
708, 4000, 285, 4880, 0
709, 4000, 305, 4856, 0
710, 3600, 284, 4876, 0
711, 3700, 285, 4876, 0
712, 3800, 280, 4884, 0
713, 3200, 292, 4880, 0
714, 3500, 288, 4880, 0
715, 3500, 293, 4880, 0
716, 3400, 300, 4880, 1
717, 3200, 290, 4880, 0
718, 3100, 280, 4880, 0
719, 3600, 285, 4892, 0
720, 3200, 280, 4880, 0
721, 3600, 280, 4880, 0
722, 1500, 288, 4880, 0
723, 3300, 236, 4880, 0
724, 3700, 288, 4896, 0
725, 3600, 279, 4876, 0
726, 3400, 285, 4876, 0
727, 3000, 295, 4884, 0
728, 3500, 313, 4880, 0
729, 3500, 288, 4876, 0
730, 3400, 290, 4880, 0
731, 3100, 290, 4876, 0
732, 900, 284, 4876, 0
733, 3600, 390, 4880, 0
734, 3600, 285, 4876, 0
735, 3800, 284, 4880, 0
736, 3600, 284, 4880, 0
737, 3200, 275, 4876, 0
738, 3100, 285, 4876, 0
739, 3400, 285, 4884, 0
740, 3800, 285, 4868, 0
741, 3300, 290, 4880, 0
742, 2900, 275, 4880, 0
743, 14600, 290, 4880, 0
744, 3000, 485, 4880, 0
745, 3200, 293, 4856, 0
746, 3200, 293, 4880, 0
747, 3400, 295, 4876, 0
748, 15800, 288, 4880, 0
749, 3600, 506, 4880, 0
750, 3600, 275, 4876, 0
751, 3500, 290, 4880, 0
752, 3500, 280, 4880, 1
753, 13100, 293, 4876, 0
754, 11700, 284, 4884, 0
755, 3400, 249, 4876, 0
756, 3500, 290, 4880, 0
757, 3300, 285, 4880, 0
758, 3800, 285, 4880, 0
759, 3800, 280, 4880, 0
760, 3400, 274, 4876, 0
761, 3800, 285, 4880, 0
762, 3700, 284, 4896, 0
763, 3500, 290, 4880, 0
764, 3900, 288, 4876, 0
765, 4300, 284, 4880, 0
766, 3800, 287, 4876, 0
767, 3300, 284, 4880, 0
768, 4000, 280, 4880, 0
769, 3400, 293, 4880, 0
770, 2500, 300, 4876, 0
771, 3600, 429, 4880, 0
772, 3800, 280, 4896, 0
773, 3900, 290, 4880, 0
774, 3600, 275, 4876, 0
775, 2300, 288, 4880, 0
776, 3700, 552, 4880, 0
777, 3600, 285, 4876, 0
778, 3500, 280, 4880, 0
779, 3300, 279, 4880, 0
780, 1600, 280, 4880, 0
781, 3800, 582, 4880, 0
782, 3000, 284, 4880, 0
783, 3300, 285, 4844, 0
784, 3600, 285, 4880, 0
785, 3400, 300, 4880, 0
786, 3700, 288, 4880, 0
787, 3600, 290, 4880, 0
788, 3600, 290, 4844, 0
789, 3500, 279, 4880, 0
790, 3600, 290, 4876, 0
791, 12700, 285, 4876, 0
792, 3500, 285, 4880, 0
793, 3500, 285, 4880, 0
794, 3900, 285, 4844, 0
795, 3600, 280, 4876, 1
796, 3500, 284, 4880, 0
797, 7000, 284, 4880, 0
798, 3600, 280, 4876, 0
799, 3400, 280, 4880, 0
800, 3600, 290, 4880, 0
801, 3700, 275, 4880, 0
802, 3700, 259, 4880, 0
803, 3600, 285, 4880, 0
804, 3600, 285, 4892, 0
805, 3700, 280, 4880, 0
806, 3200, 279, 4880, 1
807, 3600, 285, 4880, 0
808, 3100, 226, 4880, 0
809, 3900, 284, 4880, 0
810, 3200, 280, 4880, 0
811, 3300, 288, 4880, 0
812, 1500, 284, 4880, 0
813, 3700, 229, 4880, 0
814, 3600, 285, 4876, 0
815, 3700, 279, 4880, 0
816, 3700, 288, 4880, 0
817, 3700, 288, 4880, 0
818, 3600, 269, 4880, 0
819, 3700, 284, 4876, 0
820, 3300, 295, 4892, 0
821, 3600, 298, 4880, 0
822, 2600, 298, 4880, 0
823, 3800, 293, 4880, 0
824, 3700, 290, 4880, 0
825, 3300, 284, 4888, 0
826, 3900, 274, 4880, 0
827, 3100, 280, 4876, 0
828, 3600, 293, 4880, 0
829, 3400, 546, 4884, 0
830, 3400, 284, 4876, 0
831, 3500, 303, 4876, 0
832, 2900, 275, 4876, 0
833, 15400, 288, 4880, 0
834, 3100, 606, 4880, 0
835, 3400, 293, 4880, 0
836, 3300, 295, 4880, 0
837, 3600, 285, 4872, 0
838, 12100, 293, 4876, 0
839, 16200, 275, 4880, 0
840, 3400, 285, 4876, 0
841, 3200, 280, 4880, 0
842, 3600, 280, 4880, 0
843, 3500, 295, 4876, 1
844, 13200, 293, 4880, 0
845, 3700, 285, 4880, 0
846, 3600, 280, 4880, 0
847, 3400, 290, 4880, 0
848, 2900, 293, 4880, 1
849, 3600, 284, 4880, 0
850, 3300, 239, 4880, 0
851, 3700, 279, 4880, 0
852, 3200, 290, 4880, 0
853, 3400, 290, 4876, 1
854, 3900, 290, 4880, 0
855, 3700, 236, 4876, 0
856, 3600, 292, 4880, 0
857, 3400, 288, 4880, 0
858, 3800, 298, 4876, 0
859, 2600, 279, 4880, 0
860, 4100, 234, 4880, 0
861, 3400, 287, 4880, 0
862, 3700, 293, 4896, 0
863, 3800, 285, 4880, 0
864, 3300, 280, 4880, 0
865, 3500, 275, 4876, 0
866, 3400, 290, 4880, 0
867, 3200, 300, 4896, 0
868, 3800, 290, 4880, 0
869, 3600, 293, 4880, 0
870, 1200, 279, 4880, 0
871, 3100, 569, 4876, 0
872, 3400, 293, 4896, 0
873, 3300, 295, 4876, 0
874, 3400, 288, 4876, 0
875, 1700, 288, 4880, 0
876, 3500, 503, 4876, 0
877, 3500, 288, 4880, 0
878, 3900, 284, 4880, 0
879, 3500, 285, 4876, 0
880, 3100, 293, 4880, 0
881, 3400, 513, 4880, 0
882, 3500, 288, 4876, 0
883, 3400, 284, 4840, 0
884, 3700, 285, 4880, 0
885, 3200, 275, 4880, 0
886, 3400, 275, 4880, 0
887, 3600, 475, 4880, 0
888, 3700, 290, 4844, 0
889, 3200, 288, 4876, 0
890, 3400, 279, 4880, 0
891, 12500, 288, 4880, 0
892, 3500, 375, 4880, 0
893, 3900, 284, 4880, 0
894, 3300, 300, 4880, 0
895, 3400, 280, 4876, 0
896, 16200, 288, 4880, 0
897, 3300, 320, 4876, 0
898, 3600, 298, 4884, 0
899, 3100, 275, 4864, 0
900, 3600, 288, 4880, 1
901, 15800, 279, 4876, 0
902, 3200, 256, 4876, 0
903, 3400, 290, 4880, 0
904, 3800, 298, 4868, 0
905, 3400, 280, 4876, 1
906, 2900, 300, 4884, 0
907, 3800, 236, 4880, 0
908, 3600, 287, 4880, 0
909, 3600, 288, 4876, 0
910, 3500, 285, 4876, 0
911, 3300, 285, 4876, 0
912, 3600, 244, 4880, 0
913, 3700, 282, 4880, 0
914, 3200, 275, 4888, 0
915, 3600, 280, 4880, 0
916, 3500, 279, 4880, 0
917, 3300, 285, 4880, 0
918, 3600, 297, 4876, 0
919, 3600, 288, 4880, 0
920, 3400, 285, 4880, 0
921, 3500, 298, 4880, 0
922, 3900, 280, 4880, 0
923, 3200, 439, 4880, 0
924, 3600, 293, 4896, 0
925, 3500, 280, 4872, 0
926, 2900, 275, 4880, 0
927, 1000, 290, 4880, 0
928, 3600, 449, 4876, 0
929, 3400, 284, 4880, 0
930, 3400, 279, 4880, 0
931, 3700, 290, 4880, 0
932, 1200, 280, 4876, 0
933, 3600, 577, 4876, 0
934, 3900, 280, 4880, 0
935, 3700, 284, 4856, 0
936, 3500, 293, 4880, 0
937, 3600, 285, 4880, 0
938, 3300, 285, 4876, 0
939, 3900, 549, 4880, 0
940, 3300, 288, 4848, 0
941, 3400, 293, 4880, 0
942, 3400, 290, 4880, 0
943, 15800, 284, 4880, 0
944, 3600, 510, 4880, 0
945, 3700, 285, 4880, 0
946, 3600, 284, 4880, 0
947, 3300, 280, 4880, 0
948, 16000, 284, 4880, 0
949, 3900, 480, 4880, 0
950, 3400, 280, 4876, 0
951, 3600, 285, 4840, 0
952, 3500, 279, 4880, 1
953, 12800, 280, 4876, 0
954, 3900, 284, 4876, 0
955, 3500, 293, 4880, 0
956, 3600, 280, 4852, 0
957, 3600, 285, 4884, 1
958, 3600, 290, 4876, 0
959, 3300, 256, 4880, 0
960, 3400, 292, 4880, 0
961, 3600, 290, 4864, 0
962, 4000, 293, 4876, 0
963, 3500, 275, 4880, 0
964, 3400, 259, 4880, 0
965, 3500, 285, 4880, 0
966, 3900, 279, 4888, 0
967, 3500, 284, 4880, 0
968, 3500, 288, 4880, 0
969, 3500, 295, 4880, 0
970, 3500, 285, 4876, 0
971, 3900, 288, 4876, 0
972, 3200, 288, 4880, 0
973, 3900, 285, 4880, 0
974, 2700, 280, 4880, 0
975, 3900, 231, 4880, 0
976, 3400, 279, 4896, 0
977, 3700, 285, 4880, 0
978, 3500, 284, 4880, 0
979, 3200, 285, 4884, 0
980, 3500, 261, 4880, 0
981, 4000, 285, 4876, 0
982, 3400, 279, 4876, 0
983, 3200, 280, 4880, 0
984, 1600, 280, 4880, 0
985, 3400, 370, 4876, 0
986, 3300, 288, 4876, 0
987, 3700, 288, 4872, 0
988, 3900, 295, 4880, 0
989, 3300, 285, 4880, 0
990, 4100, 288, 4880, 0
991, 3400, 298, 4880, 0
992, 3600, 290, 4868, 0
993, 3500, 279, 4876, 0
994, 3000, 275, 4884, 0
995, 14800, 279, 4880, 0
996, 3300, 534, 4876, 0
997, 3500, 290, 4880, 0
998, 3800, 285, 4880, 0
999, 2900, 284, 4876, 0